{
    "type": "entity",
    "mixins": "stonehearth:mixins:item_properties",
    "components": {
        "item": {
            "category" : "armor"
        },
        "unit_info": {
            "name": "~name~",
            "description": "~desc~",
            "icon": "file(~iname~.png)"
        },
        "model_variants": {
            "default": {
                "models": [
                    "file(~iname~.qb)"
                ]
            }
        },
        "stonehearth:material": {
            "tags": "~tags~"
        },
        "stonehearth:entity_forms": {
            "iconic_form": "file(~iname~_iconic.json)"
        },

        "stonehearth:equipment_piece": {
            "slot": "offhand",
            "render_type": "attach_to_bone",
            "postures": [ "stonehearth:combat", "stonehearth:patrol" ],
            "ilevel": ~ilevel~,
            "roles": "combat",
            "equip_effect": "/stonehearth/data/effects/weapon_level_up"
        }
    },
   "entity_data" : {
      "stonehearth:combat:armor_data" : {
         "base_damage_reduction" : ~damage~
      }
   }
}