{
   "mixins": "stonehearth:mixins:item_properties",
   "type": "entity",
   "components": {
       "item" : {
         "category" : "tools"
       },
       "model_variants": {
         "default": {
            "models": [
               "file(~iname~_iconic.qb)"
            ]
         }
      },
      "unit_info": {
         "name": "~name~",
         "description": "~desc~",
         "icon" : "file(~iname~.png)"
      },
      "stonehearth:material" : {
         "tags" : "short melee_weapon crafted"
      }
   },
   "entity_data" : {
   }
}
