{
    "mixins": "stonehearth:mixins:item_properties",
    "type": "entity",
    "components": {
        "item": {
            "category" : "weapons"
        },
        "model_variants": {
            "default": {
                "models": [
                    "file(~iname~.qb)"
                ]
            }
        },
        "stonehearth:entity_forms": {
            "iconic_form": "file(~iname~_iconic.json)"
        },
        "stonehearth:equipment_piece": {
            "slot": "mainhand",
            "render_type": "attach_to_bone",
            "postures": [ "stonehearth:combat", "stonehearth:patrol" ],
            "ilevel": ~ilevel~,
            "roles": "combat",
            "equip_effect": "/stonehearth/data/effects/weapon_level_up"
        },

        "unit_info": {
            "name": "~name~",
            "description": "~desc~",
            "icon": "file(~iname~.png)"
        },
        "stonehearth:material": {
            "tags": "short melee_weapon"
        }
    },
   "entity_data" : {
      "stonehearth:combat:weapon_data" : {
         "base_damage" : ~damage~,
         "reach" : ~reach~
      },
      "stonehearth:combat:melee_attacks" : [
         {
            "name" : "combat_1h_backhand",
            "active_frame" : 17,
            "cooldown" : 0,
            "priority" : 0
         },
         {
            "name" : "combat_1h_forehand",
            "active_frame" : 16,
            "cooldown" : 0,
            "priority" : 0
         }      
      ],
      "stonehearth:combat:melee_defenses" : [
         {
            "name" : "combat_1h_parry",
            "active_frame" : 4,
            "cooldown" : 8000,
            "priority" : 0
         }
      ]
   }
}
